{
  "version": 1,
  "author": "Akbar Rmdhan",
  "editor": "wokwi",
  "parts": [
    { "type": "wokwi-arduino-uno", "id": "uno", "top": 0, "left": 0, "attrs": {} },
    { "type": "wokwi-servo", "id": "servo1", "top": -16.89, "left": 393.9, "attrs": {} }
  ],
  "connections": [
    [ "servo1:GND", "uno:GND.1", "black", [ "h-33.87", "v-104.66", "h-241.96" ] ],
    [ "servo1:V+", "uno:5V", "green", [ "h-18.59", "v181.28", "h-216.49" ] ],
    [ "servo1:PWM", "uno:9", "green", [ "h-91.18", "v-86.73", "h-138.81" ] ]
  ],
  "dependencies": {}
}